0001	0.00000	0
0002	0.00000	1
0003	0.00000	2
0004	0.00000	2
0005	0.00000	2
0006	0.00000	3
0007	0.00000	4
0008	0.00000	4
0009	0.00000	4
0010	0.00000	4
0011	0.00000	4
0012	0.00000	5
0013	0.00000	5
0014	0.00000	5
0015	0.00000	5
0016	0.00000	5
0017	0.00000	5
0018	0.00000	5
0019	0.00000	6
0020	0.00000	6
0021	0.00000	6
0022	0.00000	6
0023	0.00000	6
0024	0.00000	6
0025	0.00000	6
0026	0.00000	6
0027	0.00000	6
0028	0.00000	6
0029	0.00000	6
0030	0.00000	6
0031	0.00000	6
0032	0.00000	6
0033	0.00000	6
0034	0.00000	7
0035	0.00000	7
0036	0.00000	7
0037	0.00000	8
0038	0.00000	8
0039	0.00000	8
0040	0.00000	8
0041	0.00000	9
0042	0.00000	9
0043	0.00000	10
0044	0.00000	11
0045	0.00000	12
0046	0.00000	12
0047	0.00000	13
0048	0.00000	13
0049	0.00000	13
0050	0.00000	14
0051	0.00000	14
0052	0.00000	14
0053	0.00000	15
0054	0.00000	15
0055	0.00000	15
0056	0.00000	15
0057	0.00000	15
0058	0.00000	15
0059	0.00000	15
0060	0.00000	15
0061	0.00000	15
0062	0.00000	15
0063	0.00000	15
0064	0.00000	15
0065	0.00000	16
0066	0.00000	17
0067	0.00000	18
0068	0.00000	18
0069	0.00000	18
0070	0.00000	18
0071	0.00000	18
0072	0.00000	18
0073	0.00000	18
0074	0.00000	19
0075	0.00000	19
0076	0.00000	20
0077	0.00000	20
0078	0.00000	20
0079	0.00000	21
0080	0.00000	21
0081	0.00000	21
0082	0.00000	21
0083	0.00000	21
0084	0.00000	21
0085	0.00000	21
0086	0.00000	21
0087	0.00000	21
0088	0.00000	21
0089	0.00000	21
0090	0.00000	22
0091	0.00000	22
0092	0.00000	22
0093	0.00000	22
0094	0.00000	22
0095	0.00000	22
0096	0.00000	22
0097	0.00000	22
0098	0.00000	22
0099	0.00000	22
0100	0.00000	22
0101	0.00000	23
0102	0.22282	24
0103	0.20118	25
0104	0.39030	26
0105	0.20443	27
0106	0.19300	27
0107	0.21630	27
0108	0.15172	27
0109	0.19208	28
0110	0.41787	28
0111	0.12693	29
0112	0.17399	30
0113	0.16982	31
0114	0.21185	31
0115	0.19711	32
0116	0.17964	32
0117	0.16772	33
0118	0.12448	34
0119	0.15027	34
0120	0.16786	35
0121	0.16951	35
0122	0.24598	36
0123	0.27050	37
0124	0.13914	38
0125	0.25690	38
0126	0.20226	39
0127	0.12258	39
0128	0.14414	40
0129	0.12220	41
0130	0.16227	42
0131	0.15488	43
0132	0.23621	44
0133	0.13838	44
0134	0.16522	44
0135	0.29146	44
0136	0.22963	44
0137	0.23937	44
0138	0.10003	45
0139	0.16230	45
0140	0.14757	46
0141	0.28102	47
0142	0.13209	48
0143	0.10485	48
0144	0.10064	48
0145	0.08558	49
0146	0.14857	50
0147	0.20269	50
0148	0.20406	51
0149	0.16879	52
0150	0.16162	52
0151	0.12392	53
0152	0.18463	54
0153	0.10149	55
0154	0.15557	56
0155	0.14501	57
0156	0.15662	58
0157	0.15861	58
0158	0.16795	59
0159	0.16142	60
0160	0.12221	61
0161	0.15554	61
0162	0.16867	61
0163	0.23038	62
0164	0.13913	62
0165	0.12351	63
0166	0.15297	64
0167	0.13455	64
0168	0.08566	64
0169	0.11524	65
0170	0.13752	66
0171	0.23421	67
0172	0.12397	68
0173	0.18727	69
0174	0.13038	70
0175	0.18503	71
0176	0.15646	72
0177	0.10657	73
0178	0.16125	74
0179	0.15353	74
0180	0.13256	74
0181	0.17091	74
0182	0.14583	75
0183	0.14629	75
0184	0.15809	75
0185	0.21327	75
0186	0.26498	76
0187	0.13817	77
0188	0.15348	78
0189	0.10285	79
0190	0.10594	80
0191	0.18552	81
0192	0.17102	82
0193	0.19231	82
0194	0.21834	82
0195	0.12706	82
0196	0.18649	83
0197	0.10633	83
0198	0.15991	84
0199	0.18851	85
0200	0.15139	86
0201	0.15268	87
0202	0.13072	88
0203	0.15362	89
0204	0.11321	89
0205	0.16412	90
0206	0.19531	90
0207	0.09310	91
0208	0.20115	92
0209	0.09514	93
0210	0.08205	94
0211	0.14146	95
0212	0.18514	96
0213	0.07550	97
0214	0.22724	98
0215	0.14597	99
0216	0.15002	100
0217	0.11204	100
0218	0.17862	101
0219	0.17169	102
0220	0.10806	103
0221	0.16519	104
0222	0.16272	105
0223	0.19536	106
0224	0.13878	107
0225	0.09168	108
0226	0.14112	109
0227	0.12207	109
0228	0.14037	110
0229	0.10397	110
0230	0.14536	111
0231	0.15338	112
0232	0.07796	113
0233	0.13303	114
0234	0.17361	115
0235	0.09895	116
0236	0.12000	117
0237	0.15574	118
0238	0.18887	118
0239	0.14966	119
0240	0.11647	120
0241	0.22298	121
0242	0.16121	122
0243	0.15171	122
0244	0.12933	123
0245	0.14593	123
0246	0.08238	124
0247	0.11145	125
0248	0.11645	126
0249	0.17457	127
0250	0.19108	127
0251	0.10741	128
0252	0.20209	129
0253	0.10379	130
0254	0.10899	131
0255	0.22436	132
0256	0.16511	133
0257	0.11844	133
0258	0.09960	133
0259	0.12808	134
0260	0.14801	135
0261	0.11872	136
0262	0.18221	137
0263	0.18073	138
0264	0.13750	139
0265	0.07541	140
0266	0.07856	140
0267	0.19575	141
0268	0.11117	142
0269	0.17845	142
0270	0.11285	143
0271	0.16328	144
0272	0.18768	145
0273	0.16462	146
0274	0.12538	147
0275	0.13765	147
0276	0.18492	147
0277	0.15002	148
0278	0.07202	149
0279	0.11940	150
0280	0.18083	151
0281	0.22788	152
0282	0.14244	152
0283	0.15608	153
0284	0.15542	154
0285	0.16880	154
0286	0.09828	154
0287	0.13478	155
0288	0.11662	155
0289	0.12466	156
0290	0.12366	157
0291	0.12884	158
0292	0.17218	159
0293	0.20776	160
0294	0.11137	161
0295	0.06296	162
0296	0.13088	163
0297	0.14796	164
0298	0.16160	165
0299	0.08708	165
0300	0.15682	166
0301	0.07577	167
0302	0.11838	168
0303	0.13032	168
0304	0.11014	169
0305	0.10046	170
0306	0.14605	171
0307	0.11222	172
0308	0.10504	172
0309	0.07843	173
0310	0.10458	174
0311	0.10987	175
0312	0.12330	175
0313	0.10581	176
0314	0.12818	176
0315	0.13405	177
0316	0.11406	178
0317	0.10947	179
0318	0.14595	180
0319	0.09163	180
0320	0.10608	181
0321	0.13148	182
0322	0.12262	183
0323	0.08812	184
0324	0.08415	185
0325	0.15379	186
0326	0.08954	187
0327	0.14721	187
0328	0.11976	188
0329	0.14856	188
0330	0.15794	189
0331	0.19383	190
0332	0.10382	191
0333	0.08708	192
0334	0.18562	193
0335	0.12225	193
0336	0.11053	194
0337	0.11312	195
0338	0.18951	195
0339	0.09774	196
0340	0.18167	196
0341	0.15387	197
0342	0.12810	198
0343	0.15733	199
0344	0.12990	199
0345	0.12556	200
0346	0.11965	200
0347	0.11904	201
0348	0.10801	202
0349	0.15850	202
0350	0.13239	202
0351	0.08114	202
0352	0.09341	203
0353	0.13338	204
0354	0.23318	205
0355	0.11560	206
0356	0.14825	207
0357	0.13674	208
0358	0.16045	209
0359	0.19496	210
0360	0.10130	211
0361	0.13948	212
0362	0.14967	213
0363	0.10357	214
0364	0.13895	215
0365	0.08230	216
0366	0.08918	217
0367	0.09335	217
0368	0.06622	217
0369	0.11099	218
0370	0.12068	218
0371	0.12138	218
0372	0.09004	218
0373	0.08950	219
0374	0.12652	220
0375	0.10769	221
0376	0.13606	222
0377	0.18343	223
0378	0.16120	224
0379	0.12581	224
0380	0.14395	224
0381	0.11702	225
0382	0.13250	226
0383	0.23446	227
0384	0.09010	228
0385	0.18168	228
0386	0.12819	228
0387	0.08497	229
0388	0.08791	230
0389	0.17042	230
0390	0.11974	231
0391	0.13798	232
0392	0.14900	233
0393	0.18607	234
0394	0.13606	235
0395	0.12211	236
0396	0.13192	237
0397	0.07849	238
0398	0.09020	239
0399	0.11914	240
0400	0.17474	241
0401	0.13172	242
0402	0.18363	243
0403	0.12874	244
0404	0.15499	245
0405	0.15866	245
0406	0.17362	246
0407	0.07445	247
0408	0.17126	247
0409	0.23590	248
0410	0.12318	249
0411	0.10381	250
0412	0.09196	251
0413	0.17646	252
0414	0.17269	253
0415	0.10800	254
0416	0.07589	255
0417	0.09660	255
0418	0.17101	256
0419	0.08552	257
0420	0.11007	258
0421	0.11247	259
0422	0.11192	260
0423	0.08104	261
0424	0.17477	262
0425	0.08673	263
0426	0.10881	264
0427	0.18329	264
0428	0.10326	264
0429	0.08586	264
0430	0.09952	265
0431	0.11017	266
0432	0.21789	266
0433	0.14055	266
0434	0.10888	266
0435	0.14808	267
0436	0.12397	268
0437	0.11184	269
0438	0.14402	270
0439	0.13609	271
0440	0.13491	271
0441	0.16501	271
0442	0.19441	272
0443	0.07407	272
0444	0.11097	273
0445	0.09372	274
0446	0.18605	274
0447	0.11577	275
0448	0.11249	276
0449	0.18359	276
0450	0.15341	276
0451	0.12498	277
0452	0.15991	278
0453	0.09218	278
0454	0.13998	279
0455	0.16881	280
0456	0.19098	280
0457	0.11123	281
0458	0.12572	282
0459	0.14300	283
0460	0.13547	284
0461	0.13321	285
0462	0.12548	286
0463	0.12635	287
0464	0.10756	287
0465	0.10803	287
0466	0.13701	288
0467	0.17071	289
0468	0.08586	290
0469	0.13861	291
0470	0.14398	292
0471	0.15378	292
0472	0.18762	293
0473	0.17106	294
0474	0.11283	295
0475	0.17220	295
0476	0.10926	296
0477	0.15138	297
0478	0.11970	298
0479	0.11059	299
0480	0.15731	300
0481	0.06966	301
0482	0.10112	302
0483	0.19260	303
0484	0.14762	304
0485	0.15673	305
0486	0.09139	306
0487	0.12699	307
0488	0.09891	308
0489	0.09217	309
0490	0.14035	310
0491	0.06909	311
0492	0.11550	312
0493	0.16497	313
0494	0.15687	314
0495	0.10114	315
0496	0.15470	315
0497	0.08818	316
0498	0.15884	317
0499	0.12313	318
0500	0.11928	319
0501	0.16939	319
0502	0.15220	320
0503	0.20714	321
0504	0.13054	322
0505	0.12963	323
0506	0.15174	324
0507	0.09392	325
0508	0.16515	326
0509	0.12264	327
0510	0.17468	327
0511	0.16114	328
0512	0.15056	329
0513	0.13471	330
0514	0.13733	331
0515	0.12050	332
0516	0.14138	333
0517	0.14959	334
0518	0.12271	335
0519	0.11695	336
0520	0.09223	337
0521	0.08630	338
0522	0.11560	338
0523	0.15863	339
0524	0.14909	339
0525	0.17082	340
0526	0.08011	341
0527	0.12038	342
0528	0.13857	343
0529	0.09082	344
0530	0.12542	345
0531	0.14824	346
0532	0.08904	347
0533	0.12422	348
0534	0.15139	349
0535	0.13253	350
0536	0.14657	350
0537	0.11265	351
0538	0.11142	352
0539	0.09849	352
0540	0.13634	353
0541	0.12769	354
0542	0.13617	355
0543	0.20290	356
0544	0.09377	356
0545	0.07216	357
0546	0.14886	358
0547	0.11867	358
0548	0.15028	359
0549	0.15014	359
0550	0.10086	360
0551	0.13733	361
0552	0.11625	362
0553	0.13868	362
0554	0.07952	363
0555	0.15736	364
0556	0.12728	365
0557	0.13638	366
0558	0.09360	367
0559	0.13829	368
0560	0.24995	368
0561	0.12200	368
0562	0.12016	368
0563	0.09540	368
0564	0.09487	369
0565	0.18296	370
0566	0.10368	370
0567	0.13482	371
0568	0.18794	372
0569	0.11051	373
0570	0.13333	374
0571	0.11833	375
0572	0.12558	376
0573	0.12175	377
0574	0.17929	377
0575	0.21304	378
0576	0.21541	379
0577	0.10028	380
0578	0.11104	381
0579	0.10155	382
0580	0.08014	383
0581	0.11098	383
0582	0.12640	384
0583	0.10896	385
0584	0.13096	386
0585	0.08009	387
0586	0.13915	388
0587	0.14699	389
0588	0.19094	390
0589	0.11224	391
0590	0.13176	392
0591	0.08413	392
0592	0.13713	393
0593	0.13290	393
0594	0.14182	393
0595	0.16051	393
0596	0.12482	393
0597	0.11732	394
0598	0.13144	394
0599	0.16010	395
0600	0.14346	395
0601	0.13722	396
0602	0.14041	397
0603	0.09182	398
0604	0.14121	399
0605	0.10599	399
0606	0.09334	400
0607	0.18837	401
0608	0.17783	402
0609	0.12702	403
0610	0.20193	404
0611	0.08785	404
0612	0.16367	404
0613	0.10039	405
0614	0.19492	406
0615	0.14208	407
0616	0.11774	408
0617	0.10557	409
0618	0.13638	409
0619	0.12167	409
0620	0.16077	409
0621	0.13691	410
0622	0.12780	411
0623	0.10573	412
0624	0.07379	413
0625	0.18908	414
0626	0.08840	415
0627	0.08986	416
0628	0.13875	416
0629	0.12718	416
0630	0.07849	417
0631	0.15973	417
0632	0.13812	418
0633	0.13901	419
0634	0.15182	420
0635	0.09602	420
0636	0.11676	421
0637	0.14765	421
0638	0.10237	422
0639	0.15725	422
0640	0.12037	422
0641	0.10926	423
0642	0.11035	424
0643	0.17185	425
0644	0.18293	426
0645	0.13008	426
0646	0.08428	426
0647	0.08570	427
0648	0.18175	427
0649	0.13887	428
0650	0.09848	429
0651	0.14577	430
0652	0.16774	431
0653	0.09581	431
0654	0.10554	432
0655	0.12494	432
0656	0.08186	433
0657	0.16123	434
0658	0.09094	434
0659	0.08927	435
0660	0.10825	435
0661	0.10511	436
0662	0.08332	436
0663	0.09718	436
0664	0.11410	437
0665	0.11822	438
0666	0.18573	439
0667	0.10991	439
0668	0.11556	440
0669	0.15004	441
0670	0.13252	442
0671	0.12369	443
0672	0.17835	444
0673	0.19639	445
0674	0.08771	446
0675	0.09755	446
0676	0.09433	446
0677	0.08756	447
0678	0.13622	448
0679	0.13185	448
0680	0.07658	449
0681	0.18202	449
0682	0.16284	449
0683	0.09830	450
0684	0.12599	451
0685	0.09948	452
0686	0.10424	453
0687	0.15027	454
0688	0.11283	455
0689	0.13954	456
0690	0.17000	457
0691	0.07683	458
0692	0.11706	459
0693	0.07653	460
0694	0.12066	461
0695	0.11668	461
0696	0.11630	462
0697	0.15870	463
0698	0.09357	464
0699	0.12976	465
0700	0.12206	466
0701	0.18941	467
0702	0.12152	468
0703	0.15151	468
0704	0.09626	468
0705	0.13177	469
0706	0.11729	470
0707	0.06866	471
0708	0.11303	472
0709	0.18176	473
0710	0.13870	474
0711	0.11818	475
0712	0.17734	476
0713	0.10133	476
0714	0.16604	477
0715	0.13045	478
0716	0.11193	478
0717	0.12986	479
0718	0.10924	480
0719	0.15700	481
0720	0.10814	482
0721	0.09606	483
0722	0.14089	484
0723	0.14251	484
0724	0.08639	484
0725	0.12325	485
0726	0.15229	486
0727	0.09437	487
0728	0.13379	488
0729	0.10324	488
0730	0.18564	489
0731	0.14720	490
0732	0.12603	490
0733	0.16376	491
0734	0.14618	492
0735	0.09974	492
0736	0.15110	493
0737	0.12457	494
0738	0.15279	494
0739	0.12478	495
0740	0.13564	496
0741	0.09693	497
0742	0.15139	497
0743	0.15109	498
0744	0.07090	499
0745	0.17412	500
0746	0.19658	501
0747	0.09026	502
0748	0.06528	503
0749	0.11618	504
0750	0.10666	505
0751	0.11050	505
0752	0.14654	506
0753	0.14697	507
0754	0.13389	508
0755	0.13903	509
0756	0.15135	509
0757	0.16448	510
0758	0.08735	511
0759	0.18335	511
0760	0.11979	512
0761	0.13391	513
0762	0.14115	514
0763	0.09723	515
0764	0.11051	516
0765	0.14618	517
0766	0.15497	518
0767	0.14353	519
0768	0.12619	520
0769	0.14564	521
0770	0.12288	522
0771	0.13892	523
0772	0.09713	524
0773	0.22535	524
0774	0.17702	524
0775	0.11162	525
0776	0.14070	526
0777	0.20132	527
0778	0.13095	528
0779	0.11313	529
0780	0.09560	530
0781	0.11922	531
0782	0.08641	532
0783	0.10816	532
0784	0.14025	532
0785	0.11037	533
0786	0.10505	534
0787	0.10140	534
0788	0.13520	535
0789	0.06059	535
0790	0.14644	535
0791	0.07533	535
0792	0.14263	536
0793	0.20627	537
0794	0.14471	538
0795	0.16657	539
0796	0.11573	540
0797	0.09238	541
0798	0.14355	542
0799	0.09621	542
0800	0.11487	543
0801	0.12872	544
0802	0.20517	545
0803	0.16579	546
0804	0.12824	547
0805	0.12429	548
0806	0.17624	549
0807	0.11042	550
0808	0.17217	550
0809	0.08994	551
0810	0.13154	552
0811	0.12720	553
0812	0.12342	554
0813	0.10963	554
0814	0.12661	555
0815	0.08533	556
0816	0.17153	557
0817	0.14954	558
0818	0.09969	559
0819	0.14053	560
0820	0.12554	560
0821	0.10306	561
0822	0.16397	562
0823	0.13318	563
0824	0.12743	564
0825	0.09319	565
0826	0.12737	566
0827	0.14419	567
0828	0.09075	568
0829	0.09327	569
0830	0.10613	570
0831	0.07362	571
0832	0.19684	571
0833	0.15314	571
0834	0.10785	572
0835	0.10062	573
0836	0.13424	574
0837	0.12371	575
0838	0.09868	576
0839	0.09847	577
0840	0.12595	578
0841	0.11090	578
0842	0.13297	579
0843	0.15088	580
0844	0.13963	581
0845	0.08193	582
0846	0.09162	583
0847	0.13168	584
0848	0.12456	585
0849	0.10803	586
0850	0.15356	587
0851	0.12662	588
0852	0.12015	589
0853	0.10376	590
0854	0.17386	591
0855	0.08950	592
0856	0.14245	592
0857	0.17090	593
0858	0.08983	594
0859	0.17286	595
0860	0.12366	596
0861	0.10688	597
0862	0.13978	598
0863	0.12849	599
0864	0.11436	600
0865	0.10270	601
0866	0.22343	602
0867	0.12500	603
0868	0.13945	604
0869	0.19314	605
0870	0.16821	605
0871	0.13343	606
0872	0.09065	607
0873	0.10926	608
0874	0.10763	609
0875	0.16265	610
0876	0.11781	611
0877	0.12558	612
0878	0.16188	613
0879	0.11601	614
0880	0.13438	615
0881	0.15504	616
0882	0.10398	617
0883	0.08575	618
0884	0.10067	619
0885	0.18439	620
0886	0.15020	621
0887	0.09901	622
0888	0.13459	622
0889	0.09563	623
0890	0.16030	624
0891	0.15290	625
0892	0.07703	626
0893	0.10843	627
0894	0.14906	628
0895	0.08918	629
0896	0.07103	630
0897	0.16354	631
0898	0.12021	632
0899	0.09794	632
0900	0.07164	632
0901	0.13765	633
0902	0.08309	634
0903	0.13566	635
0904	0.10925	636
0905	0.13896	636
0906	0.11323	637
0907	0.13179	638
0908	0.15504	639
0909	0.06844	640
0910	0.12320	641
0911	0.06298	641
0912	0.08031	642
0913	0.16119	643
0914	0.13404	644
0915	0.11850	645
0916	0.10209	646
0917	0.09181	647
0918	0.12555	647
0919	0.13937	648
0920	0.07352	649
0921	0.11696	650
0922	0.13308	651
0923	0.08409	652
0924	0.11782	653
0925	0.12801	654
0926	0.11481	655
0927	0.14508	656
0928	0.11095	657
0929	0.18754	658
0930	0.10677	659
0931	0.14714	660
0932	0.09952	661
0933	0.16171	662
0934	0.11430	663
0935	0.11379	664
0936	0.08702	665
0937	0.10967	666
0938	0.09067	667
0939	0.10415	668
0940	0.11389	669
0941	0.09900	670
0942	0.11721	671
0943	0.10863	672
0944	0.08760	673
0945	0.09094	674
0946	0.15426	674
0947	0.11102	674
0948	0.12909	675
0949	0.11294	676
0950	0.09935	677
0951	0.11524	678
0952	0.13348	679
0953	0.11031	680
0954	0.08837	681
0955	0.15848	682
0956	0.07521	683
0957	0.15549	684
0958	0.08279	684
0959	0.13344	685
0960	0.10763	686
0961	0.13966	687
0962	0.11585	688
0963	0.05875	689
0964	0.12354	690
0965	0.07896	691
0966	0.10243	692
0967	0.16014	693
0968	0.13510	694
0969	0.16842	694
0970	0.06521	695
0971	0.12079	696
0972	0.12532	697
0973	0.10409	698
0974	0.12868	699
0975	0.14525	700
0976	0.07939	701
0977	0.12692	702
0978	0.13701	703
0979	0.13331	704
0980	0.09147	705
0981	0.05898	705
0982	0.12671	706
0983	0.11282	707
0984	0.12478	708
0985	0.09117	709
0986	0.13428	710
0987	0.09532	711
0988	0.14199	712
0989	0.08267	713
0990	0.06480	714
0991	0.11147	715
0992	0.10544	716
0993	0.05885	717
0994	0.12574	718
0995	0.09147	719
0996	0.19386	720
0997	0.13062	721
0998	0.12643	722
0999	0.11674	723
1000	0.18546	723
1001	0.19453	724
1002	0.15838	725
1003	0.08513	726
1004	0.08428	727
1005	0.07795	728
1006	0.12843	729
1007	0.13155	730
1008	0.11109	731
1009	0.11535	732
1010	0.07315	733
1011	0.08887	734
1012	0.09003	735
1013	0.13656	736
1014	0.07637	737
1015	0.15944	738
1016	0.12341	739
1017	0.09945	740
1018	0.16566	741
1019	0.14728	742
1020	0.12258	743
1021	0.11949	744
1022	0.12598	745
1023	0.10308	746
1024	0.07138	747
1025	0.10297	748
1026	0.11399	749
1027	0.13806	750
1028	0.11534	751
1029	0.13657	752
1030	0.07379	753
1031	0.08737	754
1032	0.04535	755
1033	0.10102	756
1034	0.07496	757
1035	0.10426	758
1036	0.07696	758
1037	0.19451	759
1038	0.08796	760
1039	0.11247	761
1040	0.13471	762
1041	0.10935	763
1042	0.15129	764
1043	0.10424	765
1044	0.13469	766
1045	0.05747	767
1046	0.10413	768
1047	0.12451	768
1048	0.10728	769
1049	0.15265	770
1050	0.08490	771
1051	0.13273	772
1052	0.14886	773
1053	0.17504	774
1054	0.10400	775
1055	0.08194	776
1056	0.09259	777
1057	0.12568	778
1058	0.14484	779
1059	0.11050	780
1060	0.07433	781
1061	0.08881	782
1062	0.10547	783
1063	0.08893	784
1064	0.11467	785
1065	0.15139	785
1066	0.08575	785
1067	0.10948	786
1068	0.08192	787
1069	0.07835	788
1070	0.08049	789
1071	0.10340	790
1072	0.08656	791
1073	0.13659	791
1074	0.10381	792
1075	0.11378	793
1076	0.13414	794
1077	0.08931	795
1078	0.10468	796
1079	0.13756	797
1080	0.14579	798
1081	0.09365	799
1082	0.09027	800
1083	0.09934	801
1084	0.09542	802
1085	0.11479	803
1086	0.06660	804
1087	0.13160	805
1088	0.10740	806
1089	0.06542	807
1090	0.10237	808
1091	0.11543	809
1092	0.10485	810
1093	0.09124	811
1094	0.08250	812
1095	0.09379	813
1096	0.03998	814
1097	0.10795	815
1098	0.08024	816
1099	0.10428	817
1100	0.05959	818
1101	0.07150	819
1102	0.15565	820
1103	0.12899	821
1104	0.06946	822
1105	0.13395	823
1106	0.11439	824
1107	0.10834	825
1108	0.08384	826
1109	0.06587	827
1110	0.13566	828
1111	0.11431	828
1112	0.12837	829
1113	0.09963	830
1114	0.14369	831
1115	0.09204	831
1116	0.08092	832
1117	0.10685	833
1118	0.08415	834
1119	0.09909	835
1120	0.12913	836
1121	0.07476	836
1122	0.08732	837
1123	0.07043	838
1124	0.09754	839
1125	0.04165	840
1126	0.10911	841
1127	0.08106	842
1128	0.11803	843
1129	0.11147	844
1130	0.10260	845
1131	0.08014	846
1132	0.11272	847
1133	0.12509	848
1134	0.08814	849
1135	0.06026	850
1136	0.05308	851
1137	0.07184	852
1138	0.05274	853
1139	0.07158	854
1140	0.08457	855
1141	0.16706	856
1142	0.11561	857
1143	0.12077	858
1144	0.14809	859
1145	0.10701	859
1146	0.17871	860
1147	0.09243	861
1148	0.13709	862
1149	0.08926	863
1150	0.10269	863
1151	0.14986	864
1152	0.15196	865
1153	0.10092	866
1154	0.09450	867
1155	0.07580	868
1156	0.11313	869
1157	0.09756	869
1158	0.10960	870
1159	0.08483	871
1160	0.10242	871
1161	0.10395	872
1162	0.11636	873
1163	0.13223	874
1164	0.11402	875
1165	0.15025	876
1166	0.20555	877
1167	0.08768	878
1168	0.13208	879
1169	0.08657	880
1170	0.06505	881
1171	0.09219	882
1172	0.04799	883
1173	0.16593	884
1174	0.04695	885
1175	0.10759	886
1176	0.09534	887
1177	0.08826	887
1178	0.13597	888
1179	0.11337	889
1180	0.07173	890
1181	0.07820	891
1182	0.06973	892
1183	0.18950	893
1184	0.11831	894
1185	0.11815	895
1186	0.04827	896
1187	0.09964	896
1188	0.09968	897
1189	0.09096	898
1190	0.16978	899
1191	0.12032	899
1192	0.11718	900
1193	0.05789	901
1194	0.09782	902
1195	0.14756	903
1196	0.14841	904
1197	0.12816	905
1198	0.11339	906
1199	0.10178	907
1200	0.05173	908
1201	0.11816	909
1202	0.07033	910
1203	0.08831	911
1204	0.11928	912
1205	0.12251	913
1206	0.18172	914
1207	0.12093	914
1208	0.10465	915
1209	0.12250	916
1210	0.05711	917
1211	0.10176	918
1212	0.10823	919
1213	0.10048	920
1214	0.15999	921
1215	0.12494	921
1216	0.11283	922
1217	0.08266	923
1218	0.05849	924
1219	0.10215	925
1220	0.08768	926
1221	0.11705	927
1222	0.10056	928
1223	0.07943	929
1224	0.15886	930
1225	0.10347	931
1226	0.10312	932
1227	0.04762	933
1228	0.10622	934
1229	0.10674	935
1230	0.13012	936
1231	0.05257	937
1232	0.12694	938
1233	0.17516	939
1234	0.09043	940
1235	0.10006	941
1236	0.09613	942
1237	0.10534	943
1238	0.10141	944
1239	0.09042	945
1240	0.15886	946
1241	0.15766	947
1242	0.09401	948
1243	0.11523	949
1244	0.09382	950
1245	0.06701	951
1246	0.09605	952
1247	0.05356	953
1248	0.08988	953
1249	0.04184	954
1250	0.11272	955
1251	0.14381	956
1252	0.12764	956
1253	0.04985	957
1254	0.14125	958
1255	0.07514	959
1256	0.06706	960
1257	0.11663	961
1258	0.14472	962
1259	0.07881	962
1260	0.09447	963
1261	0.14958	964
1262	0.14446	965
1263	0.10256	966
1264	0.08333	967
1265	0.12010	968
1266	0.16106	969
1267	0.11463	970
1268	0.08691	971
1269	0.06022	972
1270	0.09832	973
1271	0.07071	974
1272	0.13333	975
1273	0.12672	976
1274	0.05514	977
1275	0.13315	978
1276	0.07141	979
1277	0.11830	980
1278	0.07933	981
1279	0.11320	982
1280	0.06848	983
1281	0.08272	984
1282	0.13732	985
1283	0.06175	986
1284	0.11309	987
1285	0.10796	988
1286	0.08058	989
1287	0.14143	990
1288	0.07068	991
1289	0.06377	992
1290	0.11098	993
1291	0.13166	994
1292	0.09377	995
1293	0.13965	996
1294	0.04239	997
1295	0.13965	997
1296	0.12852	998
1297	0.09770	998
1298	0.07841	999
1299	0.13303	1000
1300	0.05858	1001
1301	0.08715	1001
1302	0.10676	1002
1303	0.14993	1003
1304	0.12319	1004
1305	0.15476	1005
1306	0.11769	1006
1307	0.09543	1007
1308	0.11149	1008
1309	0.11700	1009
1310	0.13972	1010
1311	0.10645	1011
1312	0.05921	1012
1313	0.08622	1013
1314	0.12268	1014
1315	0.11432	1015
1316	0.06237	1016
1317	0.07019	1017
1318	0.10829	1018
1319	0.08736	1019
1320	0.10722	1020
1321	0.09384	1021
1322	0.07448	1022
1323	0.09052	1023
1324	0.11554	1024
1325	0.08922	1024
1326	0.09703	1025
1327	0.11473	1026
1328	0.10230	1027
1329	0.06690	1028
1330	0.11566	1029
1331	0.10854	1030
1332	0.05888	1031
1333	0.13197	1032
1334	0.07054	1033
1335	0.07324	1034
1336	0.09949	1035
1337	0.09711	1036
1338	0.09571	1037
1339	0.12081	1038
1340	0.15364	1039
1341	0.09016	1040
1342	0.12357	1041
1343	0.08955	1042
1344	0.18566	1043
1345	0.14328	1044
1346	0.07221	1045
1347	0.07763	1045
1348	0.14968	1046
1349	0.08283	1047
1350	0.06801	1047
1351	0.11068	1048
1352	0.09333	1049
1353	0.06990	1050
1354	0.07927	1051
1355	0.05270	1052
1356	0.08520	1053
1357	0.07065	1054
1358	0.08798	1055
1359	0.14081	1056
1360	0.06192	1057
1361	0.10592	1058
1362	0.07432	1059
1363	0.09855	1060
1364	0.07000	1061
1365	0.08769	1062
1366	0.07785	1063
1367	0.08291	1064
1368	0.11278	1065
1369	0.09449	1066
1370	0.11591	1067
1371	0.09987	1068
1372	0.07208	1068
1373	0.09937	1069
1374	0.15707	1070
1375	0.07542	1071
1376	0.12205	1072
1377	0.10247	1073
1378	0.06500	1074
1379	0.09544	1075
1380	0.06814	1076
1381	0.08627	1077
1382	0.06799	1078
1383	0.10601	1079
1384	0.05269	1080
1385	0.06340	1081
1386	0.09934	1082
1387	0.12137	1083
1388	0.12267	1084
1389	0.06034	1085
1390	0.09189	1086
1391	0.10689	1087
1392	0.04568	1088
1393	0.11868	1088
1394	0.13139	1089
1395	0.06754	1090
1396	0.06266	1091
1397	0.05775	1092
1398	0.08327	1093
1399	0.05004	1094
1400	0.13214	1095
1401	0.07329	1096
1402	0.04373	1097
1403	0.12521	1098
1404	0.06175	1099
1405	0.08008	1100
1406	0.09446	1101
1407	0.05324	1102
1408	0.07686	1103
1409	0.09865	1104
1410	0.05897	1105
1411	0.09188	1106
1412	0.09164	1107
1413	0.10569	1108
1414	0.09610	1109
1415	0.11963	1110
1416	0.07421	1111
1417	0.05965	1112
1418	0.07970	1113
1419	0.04866	1114
1420	0.11158	1115
1421	0.05745	1116
1422	0.16472	1117
1423	0.08497	1118
1424	0.09340	1119
1425	0.09128	1120
1426	0.11836	1121
1427	0.10896	1122
1428	0.10904	1123
1429	0.10502	1123
1430	0.13451	1124
1431	0.11251	1125
1432	0.10107	1126
1433	0.07724	1127
1434	0.05607	1128
1435	0.09723	1129
1436	0.09641	1129
1437	0.04017	1130
1438	0.10823	1131
1439	0.03752	1132
1440	0.12173	1133
1441	0.07383	1134
1442	0.10443	1135
1443	0.07185	1136
1444	0.10132	1137
1445	0.10739	1138
1446	0.07565	1139
1447	0.08599	1140
1448	0.06813	1141
1449	0.10667	1142
1450	0.07077	1143
1451	0.11640	1143
1452	0.12586	1144
1453	0.08996	1145
1454	0.09108	1146
1455	0.08787	1147
1456	0.08064	1147
1457	0.04772	1148
1458	0.09887	1149
1459	0.10922	1149
1460	0.06467	1150
1461	0.07041	1151
1462	0.09191	1152
1463	0.05671	1153
1464	0.09328	1154
1465	0.06603	1155
1466	0.08737	1156
1467	0.10390	1157
1468	0.11334	1158
1469	0.07456	1159
1470	0.09848	1160
1471	0.09755	1161
1472	0.08061	1162
1473	0.15461	1162
1474	0.07091	1163
1475	0.17211	1164
1476	0.13806	1165
1477	0.07621	1166
1478	0.12114	1166
1479	0.06813	1167
1480	0.10205	1168
1481	0.11480	1169
1482	0.05741	1170
1483	0.06311	1171
1484	0.09126	1172
1485	0.10414	1173
1486	0.04380	1174
1487	0.15812	1175
1488	0.04046	1176
1489	0.17189	1177
1490	0.06314	1178
1491	0.03838	1179
1492	0.08265	1180
1493	0.08161	1181
1494	0.03465	1182
1495	0.10852	1183
1496	0.07754	1184
1497	0.12404	1184
1498	0.08312	1185
1499	0.08736	1186
1500	0.07439	1187
1501	0.07725	1188
1502	0.10422	1189
1503	0.09316	1190
1504	0.07643	1191
1505	0.06342	1192
1506	0.06446	1193
1507	0.12778	1194
1508	0.04823	1195
1509	0.04699	1196
1510	0.07725	1196
1511	0.09371	1197
1512	0.09836	1198
1513	0.06225	1199
1514	0.06707	1200
1515	0.11236	1201
1516	0.11251	1202
1517	0.12837	1203
1518	0.13365	1203
1519	0.05595	1204
1520	0.06238	1205
1521	0.08526	1206
1522	0.12307	1207
1523	0.06279	1208
1524	0.14373	1209
1525	0.08767	1210
1526	0.10763	1211
1527	0.11211	1212
1528	0.09149	1213
1529	0.05328	1214
1530	0.08756	1215
1531	0.03762	1216
1532	0.08144	1217
1533	0.09147	1218
1534	0.08907	1219
1535	0.05882	1220
1536	0.07893	1221
1537	0.05535	1222
1538	0.08002	1223
1539	0.06985	1224
1540	0.07012	1225
1541	0.05708	1226
1542	0.04525	1227
1543	0.02828	1228
1544	0.07060	1229
1545	0.04831	1230
1546	0.06179	1231
1547	0.12465	1232
1548	0.14314	1233
1549	0.07782	1234
1550	0.05949	1235
1551	0.12649	1236
1552	0.08205	1237
1553	0.11250	1238
1554	0.07254	1239
1555	0.07128	1239
1556	0.07306	1240
1557	0.05234	1241
1558	0.04678	1242
1559	0.08375	1243
1560	0.09577	1244
1561	0.07143	1244
1562	0.11231	1245
1563	0.07604	1246
1564	0.07193	1247
1565	0.03346	1248
1566	0.07023	1249
1567	0.13390	1250
1568	0.08174	1251
1569	0.07159	1252
1570	0.09264	1252
1571	0.04402	1253
1572	0.13118	1254
1573	0.06868	1255
1574	0.08218	1256
1575	0.06477	1257
1576	0.06925	1258
1577	0.08023	1259
1578	0.07334	1259
1579	0.06031	1260
1580	0.10784	1261
1581	0.08318	1262
1582	0.07823	1263
1583	0.09382	1263
1584	0.08301	1264
1585	0.09776	1265
1586	0.07714	1266
1587	0.07235	1267
1588	0.14443	1268
1589	0.07192	1269
1590	0.06768	1270
1591	0.07355	1271
1592	0.08831	1272
1593	0.10841	1273
1594	0.04394	1274
1595	0.10959	1275
1596	0.05783	1276
1597	0.10157	1277
1598	0.08898	1278
1599	0.07382	1279
1600	0.14730	1280
1601	0.07814	1281
1602	0.05530	1282
1603	0.08046	1283
1604	0.05872	1284
1605	0.09814	1285
1606	0.04673	1286
1607	0.07828	1287
1608	0.04383	1288
1609	0.18367	1289
1610	0.04097	1290
1611	0.11133	1291
1612	0.08748	1292
1613	0.10878	1293
1614	0.06746	1294
1615	0.09899	1295
1616	0.05968	1296
1617	0.04023	1297
1618	0.09093	1298
1619	0.05195	1299
1620	0.07204	1300
1621	0.09396	1301
1622	0.05945	1302
1623	0.07362	1303
1624	0.11922	1304
1625	0.05296	1305
1626	0.05251	1306
1627	0.05121	1307
1628	0.09680	1308
1629	0.08071	1309
1630	0.05113	1310
1631	0.07708	1311
1632	0.05768	1312
1633	0.11894	1313
1634	0.10118	1314
1635	0.04666	1315
1636	0.06024	1316
1637	0.10509	1317
1638	0.04364	1318
1639	0.05182	1319
1640	0.06006	1320
1641	0.11001	1321
1642	0.03429	1322
1643	0.08353	1323
1644	0.06393	1324
1645	0.06757	1325
1646	0.06126	1326
1647	0.07764	1327
1648	0.09946	1328
1649	0.04392	1328
1650	0.04438	1329
1651	0.10321	1330
1652	0.04080	1331
1653	0.12488	1332
1654	0.07333	1333
1655	0.07963	1334
1656	0.06947	1335
1657	0.05681	1336
1658	0.06638	1337
1659	0.09246	1338
1660	0.06532	1339
1661	0.06912	1340
1662	0.03969	1341
1663	0.07572	1342
1664	0.07790	1343
1665	0.04982	1344
1666	0.09469	1345
1667	0.06977	1346
1668	0.07714	1346
1669	0.04518	1346
1670	0.03798	1347
1671	0.14712	1348
1672	0.12640	1349
1673	0.14269	1350
1674	0.11159	1351
1675	0.07667	1352
1676	0.14869	1353
1677	0.12743	1354
1678	0.05247	1355
1679	0.05041	1356
1680	0.04897	1357
1681	0.03694	1358
1682	0.03896	1359
1683	0.06622	1360
1684	0.07746	1361
1685	0.13688	1362
1686	0.07293	1363
1687	0.05283	1364
1688	0.07574	1365
1689	0.05597	1366
1690	0.10117	1367
1691	0.08660	1368
1692	0.15631	1369
1693	0.04576	1370
1694	0.03888	1371
1695	0.06719	1372
1696	0.04748	1373
1697	0.05100	1374
1698	0.07054	1375
1699	0.10464	1376
1700	0.05542	1377
1701	0.11991	1378
1702	0.10983	1379
1703	0.07626	1380
1704	0.07725	1381
1705	0.11781	1382
1706	0.05239	1383
1707	0.06888	1384
1708	0.04665	1385
1709	0.07698	1386
1710	0.09694	1387
1711	0.07140	1388
1712	0.05973	1389
1713	0.07172	1390
1714	0.04235	1391
1715	0.08926	1392
1716	0.04019	1393
1717	0.10721	1393
1718	0.04927	1394
1719	0.04272	1395
1720	0.07586	1396
1721	0.03400	1397
1722	0.06760	1398
1723	0.04668	1399
1724	0.02737	1400
1725	0.07704	1401
1726	0.08465	1402
1727	0.06942	1403
1728	0.06181	1404
1729	0.09401	1405
1730	0.09022	1406
1731	0.08357	1406
1732	0.11287	1407
1733	0.09374	1408
1734	0.08022	1409
1735	0.06908	1410
1736	0.05572	1411
1737	0.07204	1412
1738	0.08931	1413
1739	0.10569	1414
1740	0.08931	1415
1741	0.09327	1416
1742	0.06961	1416
1743	0.08809	1416
1744	0.06099	1417
1745	0.07674	1418
1746	0.10269	1419
1747	0.07878	1419
1748	0.12073	1420
1749	0.06036	1421
1750	0.06866	1422
1751	0.06435	1423
1752	0.03127	1424
1753	0.04510	1425
1754	0.04115	1426
1755	0.12210	1427
1756	0.11819	1427
1757	0.07949	1428
1758	0.03884	1429
1759	0.09254	1430
1760	0.03714	1431
1761	0.06860	1432
1762	0.06097	1433
1763	0.06421	1433
1764	0.07258	1434
1765	0.09627	1435
1766	0.03167	1436
1767	0.13368	1437
1768	0.09784	1437
1769	0.06184	1437
1770	0.10268	1438
1771	0.06596	1439
1772	0.06632	1440
1773	0.10770	1441
1774	0.09277	1442
1775	0.06105	1443
1776	0.08120	1444
1777	0.06493	1445
1778	0.07869	1446
1779	0.07750	1446
1780	0.09728	1447
1781	0.03774	1448
1782	0.08563	1449
1783	0.08200	1450
1784	0.15871	1451
1785	0.05187	1452
1786	0.12896	1453
1787	0.07770	1454
1788	0.12724	1455
1789	0.07716	1456
1790	0.06876	1457
1791	0.06749	1458
1792	0.13977	1458
1793	0.03476	1459
1794	0.04745	1460
1795	0.04883	1461
1796	0.05853	1461
1797	0.09252	1462
1798	0.03664	1463
1799	0.05023	1464
1800	0.06330	1465
1801	0.05806	1466
1802	0.06583	1467
1803	0.04174	1468
1804	0.05636	1469
1805	0.06434	1470
1806	0.07808	1471
1807	0.05178	1472
1808	0.07380	1473
1809	0.10347	1474
1810	0.07496	1475
1811	0.11437	1476
1812	0.04344	1477
1813	0.05945	1478
1814	0.07232	1479
1815	0.09128	1480
1816	0.08449	1481
1817	0.05795	1482
1818	0.04206	1483
1819	0.10799	1484
1820	0.10537	1485
1821	0.05181	1485
1822	0.09364	1486
1823	0.03114	1487
1824	0.06172	1488
1825	0.08091	1489
1826	0.05484	1490
1827	0.08633	1491
1828	0.07402	1492
1829	0.05602	1493
1830	0.08813	1494
1831	0.02581	1495
1832	0.07912	1496
1833	0.08435	1497
1834	0.11466	1498
1835	0.06688	1499
1836	0.08079	1500
1837	0.04594	1501
1838	0.10929	1502
1839	0.08006	1503
1840	0.03299	1504
1841	0.07656	1505
1842	0.08013	1506
1843	0.05008	1507
1844	0.04140	1508
1845	0.07729	1509
1846	0.05822	1510
1847	0.08612	1511
1848	0.09532	1512
1849	0.10031	1512
1850	0.05885	1512
1851	0.05187	1513
1852	0.07350	1514
1853	0.09237	1515
1854	0.09725	1516
1855	0.07374	1517
1856	0.02375	1518
1857	0.10620	1519
1858	0.04764	1520
1859	0.11386	1521
1860	0.08068	1522
1861	0.07870	1523
1862	0.09782	1524
1863	0.08290	1525
1864	0.06603	1526
1865	0.08128	1527
1866	0.09375	1528
1867	0.07798	1529
1868	0.09309	1530
1869	0.05936	1531
1870	0.09621	1532
1871	0.05986	1533
1872	0.08088	1534
1873	0.15687	1535
1874	0.05042	1536
1875	0.03907	1537
1876	0.05305	1538
1877	0.08783	1539
1878	0.10089	1539
1879	0.09574	1540
1880	0.03895	1541
1881	0.11466	1542
1882	0.07800	1543
1883	0.05883	1544
1884	0.09627	1545
1885	0.06281	1546
1886	0.06227	1546
1887	0.04330	1547
1888	0.04295	1548
1889	0.08551	1549
1890	0.04623	1550
1891	0.06560	1551
1892	0.09138	1552
1893	0.05404	1553
1894	0.09591	1554
1895	0.08402	1555
1896	0.09312	1556
1897	0.06382	1557
1898	0.07097	1558
1899	0.06083	1559
1900	0.15190	1560
1901	0.12487	1561
1902	0.05461	1562
1903	0.08035	1563
1904	0.10115	1564
1905	0.04683	1565
1906	0.08972	1566
1907	0.08710	1567
1908	0.13039	1568
1909	0.05747	1569
1910	0.07026	1570
1911	0.12597	1571
1912	0.05592	1572
1913	0.08549	1572
1914	0.07928	1573
1915	0.07272	1574
1916	0.06000	1575
1917	0.06576	1576
1918	0.05924	1577
1919	0.06400	1578
1920	0.08122	1579
1921	0.11267	1580
1922	0.09195	1581
1923	0.13860	1582
1924	0.09621	1583
1925	0.05046	1584
1926	0.09708	1585
1927	0.06249	1586
1928	0.04508	1587
1929	0.03665	1588
1930	0.04688	1589
1931	0.10823	1590
1932	0.05462	1591
1933	0.04318	1592
1934	0.06300	1593
1935	0.08823	1594
1936	0.10538	1595
1937	0.03142	1596
1938	0.07705	1597
1939	0.06617	1597
1940	0.03364	1598
1941	0.06330	1599
1942	0.05508	1600
1943	0.05308	1601
1944	0.03741	1601
1945	0.04998	1602
1946	0.06677	1603
1947	0.05819	1604
1948	0.07983	1605
1949	0.04546	1606
1950	0.09200	1607
1951	0.08220	1608
1952	0.03208	1609
1953	0.03786	1610
1954	0.10012	1611
1955	0.06631	1612
1956	0.11365	1613
1957	0.05721	1614
1958	0.05690	1615
1959	0.04331	1616
1960	0.04963	1617
1961	0.06964	1618
1962	0.07140	1619
1963	0.05678	1620
1964	0.09486	1621
1965	0.04068	1622
1966	0.02711	1623
1967	0.10098	1624
1968	0.02972	1625
1969	0.02714	1626
1970	0.03136	1627
1971	0.05749	1628
1972	0.03411	1629
1973	0.04743	1629
1974	0.06057	1630
1975	0.06603	1631
1976	0.04989	1632
1977	0.04421	1633
1978	0.02504	1634
1979	0.03430	1635
1980	0.04256	1636
1981	0.04407	1637
1982	0.05737	1638
1983	0.02418	1639
1984	0.09115	1640
1985	0.07469	1641
1986	0.06110	1642
1987	0.04561	1643
1988	0.06052	1644
1989	0.03250	1645
1990	0.03476	1645
1991	0.07451	1646
1992	0.02379	1647
1993	0.12201	1647
1994	0.06115	1648
1995	0.05622	1649
1996	0.05512	1650
1997	0.05694	1651
1998	0.04643	1652
1999	0.05784	1653
2000	0.12169	1654
2001	0.04566	1655
2002	0.06123	1656
2003	0.04792	1657
2004	0.03683	1658
2005	0.03439	1659
2006	0.08776	1660
2007	0.07624	1661
2008	0.06298	1662
2009	0.02471	1663
2010	0.05058	1664
2011	0.05145	1665
2012	0.08373	1666
2013	0.04803	1667
2014	0.06459	1668
2015	0.03683	1669
2016	0.06586	1670
2017	0.06605	1671
2018	0.03750	1672
2019	0.03577	1673
2020	0.05303	1674
2021	0.07962	1675
2022	0.06807	1676
2023	0.07673	1677
2024	0.05021	1678
2025	0.06810	1679
2026	0.02303	1680
2027	0.07504	1681
2028	0.07849	1682
2029	0.11434	1683
2030	0.10957	1684
2031	0.05371	1685
2032	0.04258	1685
2033	0.04870	1686
2034	0.03331	1687
2035	0.05301	1688
2036	0.05588	1689
2037	0.04363	1690
2038	0.02081	1691
2039	0.04288	1692
2040	0.06361	1693
2041	0.06987	1694
2042	0.02292	1695
2043	0.03727	1695
2044	0.03469	1696
2045	0.04338	1697
2046	0.04400	1698
2047	0.03921	1699
2048	0.06527	1700
2049	0.03485	1701
2050	0.06856	1702
2051	0.03927	1703
2052	0.03722	1704
2053	0.07747	1705
2054	0.06004	1706
2055	0.04743	1707
2056	0.03249	1708
2057	0.03722	1709
2058	0.06716	1710
2059	0.07653	1711
2060	0.06151	1712
2061	0.02859	1713
2062	0.03729	1713
2063	0.05984	1714
2064	0.08183	1715
2065	0.06879	1716
2066	0.04129	1717
2067	0.07176	1718
2068	0.03918	1719
2069	0.05499	1720
2070	0.03891	1721
2071	0.03192	1722
2072	0.02791	1723
2073	0.13814	1724
2074	0.07511	1725
2075	0.09802	1726
2076	0.04693	1727
2077	0.04339	1728
2078	0.03669	1729
2079	0.04057	1730
2080	0.06638	1731
2081	0.03007	1731
2082	0.06884	1732
2083	0.04428	1733
2084	0.03721	1734
2085	0.07358	1735
2086	0.06985	1736
2087	0.04488	1737
2088	0.02341	1738
2089	0.02205	1739
2090	0.03641	1740
2091	0.03483	1741
2092	0.04910	1742
2093	0.04035	1743
2094	0.06600	1744
2095	0.04830	1745
2096	0.03914	1746
2097	0.05730	1747
2098	0.02632	1748
2099	0.06214	1749
2100	0.07442	1750
2101	0.02770	1751
2102	0.05451	1752
2103	0.04567	1753
2104	0.01948	1754
2105	0.03290	1755
2106	0.02312	1756
2107	0.04405	1757
2108	0.06746	1758
2109	0.06383	1759
2110	0.05469	1760
2111	0.04568	1761
2112	0.02862	1762
2113	0.04804	1763
2114	0.13764	1763
2115	0.07199	1764
2116	0.06177	1765
2117	0.04514	1766
2118	0.03136	1767
2119	0.08449	1768
2120	0.02423	1768
2121	0.06193	1769
2122	0.06471	1770
2123	0.03610	1771
2124	0.03950	1772
2125	0.05575	1773
2126	0.06651	1774
2127	0.07375	1775
2128	0.02674	1776
2129	0.04126	1777
2130	0.02301	1778
2131	0.04465	1779
2132	0.06373	1780
2133	0.04046	1781
2134	0.04446	1782
2135	0.02440	1783
2136	0.05186	1784
2137	0.05348	1785
2138	0.06004	1786
2139	0.09484	1787
2140	0.06244	1788
2141	0.05391	1789
2142	0.03775	1790
2143	0.06499	1791
2144	0.05158	1792
2145	0.06078	1793
2146	0.04180	1794
2147	0.06476	1795
2148	0.02176	1796
2149	0.06659	1797
2150	0.04556	1798
2151	0.02838	1799
2152	0.06379	1800
2153	0.05250	1801
2154	0.03209	1802
2155	0.04412	1803
2156	0.02786	1804
2157	0.06746	1804
2158	0.05962	1805
2159	0.03610	1806
2160	0.04646	1807
2161	0.03282	1808
2162	0.02958	1809
2163	0.02427	1810
2164	0.02698	1811
2165	0.03654	1812
2166	0.03324	1813
2167	0.09153	1814
2168	0.07628	1815
2169	0.03883	1816
2170	0.05821	1817
2171	0.05770	1818
2172	0.03154	1819
2173	0.04995	1820
2174	0.06678	1821
2175	0.05293	1822
2176	0.02669	1823
2177	0.05348	1824
2178	0.08903	1825
2179	0.03565	1826
2180	0.07822	1827
2181	0.02130	1828
2182	0.06933	1829
2183	0.06538	1830
2184	0.02988	1831
2185	0.02198	1832
2186	0.08481	1833
2187	0.01803	1834
2188	0.04525	1835
2189	0.02688	1836
2190	0.02700	1837
2191	0.07249	1838
2192	0.04894	1838
2193	0.03238	1839
2194	0.02983	1840
2195	0.06330	1841
2196	0.06955	1842
2197	0.04987	1843
2198	0.08033	1844
2199	0.04545	1845
2200	0.03223	1846
2201	0.04290	1847
2202	0.04701	1848
2203	0.03757	1849
2204	0.02427	1850
2205	0.03611	1851
2206	0.04840	1852
2207	0.03632	1852
2208	0.02627	1853
2209	0.06131	1854
2210	0.03092	1855
2211	0.03021	1856
2212	0.04164	1857
2213	0.06063	1858
2214	0.08523	1859
2215	0.05360	1860
2216	0.01590	1861
2217	0.04287	1862
2218	0.06801	1863
2219	0.04444	1864
2220	0.06599	1865
2221	0.04606	1866
2222	0.05157	1867
2223	0.04036	1868
2224	0.02095	1869
2225	0.09700	1870
2226	0.02278	1871
2227	0.07107	1872
2228	0.04065	1873
2229	0.03272	1874
2230	0.05627	1875
2231	0.03211	1876
2232	0.08220	1877
2233	0.05077	1878
2234	0.05944	1879
2235	0.02195	1880
2236	0.03719	1881
2237	0.05629	1881
2238	0.04370	1882
2239	0.03313	1883
2240	0.04997	1884
2241	0.02280	1885
2242	0.04248	1886
2243	0.03143	1887
2244	0.03089	1888
2245	0.06226	1889
2246	0.04163	1890
2247	0.04036	1891
2248	0.05582	1892
2249	0.05243	1893
2250	0.03306	1894
2251	0.07499	1895
2252	0.04369	1896
2253	0.08133	1897
2254	0.02431	1898
2255	0.03819	1899
2256	0.02457	1900
2257	0.03908	1901
2258	0.05739	1902
2259	0.06404	1903
2260	0.05940	1904
2261	0.05839	1905
2262	0.05618	1906
2263	0.04230	1907
2264	0.02325	1908
2265	0.03996	1908
2266	0.02960	1909
2267	0.05131	1910
2268	0.05653	1911
2269	0.03175	1912
2270	0.02873	1913
2271	0.07307	1914
2272	0.02240	1915
2273	0.04668	1916
2274	0.03418	1917
2275	0.03849	1918
2276	0.02633	1919
2277	0.02000	1920
2278	0.01762	1921
2279	0.04254	1922
2280	0.03394	1923
2281	0.08504	1924
2282	0.02404	1925
2283	0.05268	1925
2284	0.02801	1926
2285	0.03911	1927
2286	0.04483	1928
2287	0.02370	1929
2288	0.05378	1930
2289	0.05189	1931
2290	0.02533	1932
2291	0.02215	1933
2292	0.02405	1934
2293	0.03177	1935
2294	0.01982	1935
2295	0.07338	1936
2296	0.04376	1937
2297	0.02715	1938
2298	0.03321	1939
2299	0.03080	1940
2300	0.02190	1941
2301	0.03764	1942
2302	0.03364	1943
2303	0.02255	1944
2304	0.03575	1945
2305	0.05577	1946
2306	0.03059	1947
2307	0.02868	1948
2308	0.02240	1949
2309	0.06491	1950
2310	0.01988	1951
2311	0.01988	1952
2312	0.04426	1952
2313	0.02718	1953
2314	0.02253	1954
2315	0.04239	1955
2316	0.01630	1955
2317	0.02502	1956
2318	0.03384	1957
2319	0.01913	1958
2320	0.06236	1959
2321	0.02692	1960
2322	0.05298	1961
2323	0.01486	1962
2324	0.03275	1963
2325	0.02419	1964
2326	0.04481	1965
2327	0.03030	1966
2328	0.04802	1967
2329	0.04526	1968
2330	0.04293	1968
2331	0.02152	1968
2332	0.03726	1969
2333	0.01963	1970
2334	0.05042	1970
2335	0.06248	1971
2336	0.04723	1972
2337	0.03971	1973
2338	0.07458	1974
2339	0.02761	1975
2340	0.03661	1976
2341	0.02371	1977
2342	0.03343	1978
2343	0.01839	1979
2344	0.04680	1980
2345	0.02902	1981
2346	0.02600	1982
2347	0.03955	1983
2348	0.04965	1984
2349	0.05825	1985
2350	0.02073	1986
2351	0.03669	1987
2352	0.06290	1988
2353	0.03185	1989
2354	0.05314	1990
2355	0.01417	1991
2356	0.03921	1992
2357	0.05000	1993
2358	0.03757	1994
2359	0.02811	1995
2360	0.06452	1996
2361	0.02668	1997
2362	0.01695	1998
2363	0.02584	1999
2364	0.01729	2000
2365	0.04605	2001
2366	0.06652	2002
2367	0.03776	2003
2368	0.02325	2004
2369	0.02636	2005
2370	0.03986	2006
2371	0.04599	2007
2372	0.04206	2008
2373	0.01787	2009
2374	0.03088	2010
2375	0.03929	2011
2376	0.03791	2012
2377	0.03639	2013
2378	0.06270	2014
2379	0.04946	2015
2380	0.06640	2016
2381	0.02755	2017
2382	0.04277	2018
2383	0.04046	2019
2384	0.03462	2020
2385	0.04377	2021
2386	0.05016	2022
2387	0.01911	2023
2388	0.08018	2024
2389	0.07283	2025
2390	0.04684	2026
2391	0.01449	2027
2392	0.02363	2028
2393	0.03086	2029
2394	0.02148	2030
2395	0.06638	2031
2396	0.01554	2032
2397	0.03153	2033
2398	0.03612	2034
2399	0.03934	2035
2400	0.03836	2036
2401	0.02340	2037
2402	0.03687	2038
2403	0.10603	2039
2404	0.05680	2040
2405	0.05410	2041
2406	0.02276	2042
2407	0.03218	2043
2408	0.04745	2044
2409	0.01884	2045
2410	0.03477	2046
2411	0.01551	2047
2412	0.01954	2048
2413	0.01980	2049
2414	0.04043	2050
2415	0.02794	2051
2416	0.04413	2052
2417	0.01658	2053
2418	0.08895	2054
2419	0.07700	2055
2420	0.04866	2056
2421	0.02440	2057
2422	0.05307	2058
2423	0.06107	2059
2424	0.02731	2060
2425	0.05706	2061
2426	0.02379	2062
2427	0.02659	2063
2428	0.02027	2064
2429	0.03130	2065
2430	0.02349	2066
2431	0.05432	2067
2432	0.02917	2068
2433	0.08552	2069
2434	0.02441	2070
2435	0.03358	2071
2436	0.03788	2072
2437	0.03677	2073
2438	0.03207	2074
2439	0.01357	2075
2440	0.03885	2076
2441	0.02372	2077
2442	0.02790	2078
2443	0.03925	2079
2444	0.01596	2080
2445	0.05424	2081
2446	0.04809	2082
2447	0.05586	2083
2448	0.01882	2084
2449	0.01984	2084
2450	0.02447	2085
2451	0.04790	2086
2452	0.05180	2087
2453	0.01892	2088
2454	0.05666	2089
2455	0.03565	2090
2456	0.03566	2091
2457	0.05129	2092
2458	0.01806	2093
2459	0.02102	2094
2460	0.02388	2095
2461	0.04479	2096
2462	0.01884	2097
2463	0.03344	2098
2464	0.05203	2099
2465	0.04515	2100
2466	0.02368	2101
2467	0.02654	2102
2468	0.06739	2103
2469	0.03932	2104
2470	0.03237	2105
2471	0.03223	2106
2472	0.02139	2107
2473	0.02122	2108
2474	0.02512	2109
2475	0.02962	2110
2476	0.02921	2111
2477	0.05949	2112
2478	0.05340	2113
2479	0.03403	2114
2480	0.02688	2115
2481	0.04720	2116
2482	0.01524	2117
2483	0.04985	2118
2484	0.02306	2119
2485	0.05026	2120
2486	0.07072	2121
2487	0.04820	2122
2488	0.01976	2123
2489	0.01836	2124
2490	0.01976	2125
2491	0.03255	2126
2492	0.04210	2127
2493	0.03713	2128
2494	0.03335	2129
2495	0.01333	2130
2496	0.01671	2131
2497	0.01948	2132
2498	0.02398	2133
2499	0.02588	2134
2500	0.03641	2135
2501	0.04327	2136
2502	0.01462	2137
2503	0.05894	2138
2504	0.01662	2139
2505	0.03343	2140
2506	0.01930	2141
2507	0.02161	2142
2508	0.02272	2143
2509	0.02734	2143
2510	0.01733	2143
2511	0.02487	2144
2512	0.03653	2145
2513	0.01576	2146
2514	0.01887	2147
2515	0.01559	2148
2516	0.02738	2149
2517	0.01554	2150
2518	0.03339	2151
2519	0.04443	2152
2520	0.05986	2153
2521	0.04652	2154
2522	0.02660	2155
2523	0.01758	2156
2524	0.04411	2157
2525	0.02276	2157
2526	0.01804	2158
2527	0.02303	2159
2528	0.03097	2160
2529	0.01437	2161
2530	0.01883	2162
2531	0.02997	2163
2532	0.02930	2164
2533	0.03644	2165
2534	0.01987	2166
2535	0.04427	2167
2536	0.02243	2168
2537	0.01719	2169
2538	0.04902	2170
2539	0.01507	2171
2540	0.01682	2172
2541	0.01885	2173
2542	0.01667	2174
2543	0.01675	2175
2544	0.02052	2176
2545	0.02185	2177
2546	0.02535	2178
2547	0.01987	2178
2548	0.04378	2179
2549	0.08089	2180
2550	0.04184	2181
2551	0.01388	2182
2552	0.01875	2183
2553	0.01428	2184
2554	0.03206	2185
2555	0.01543	2186
2556	0.01798	2187
2557	0.03247	2188
2558	0.01592	2189
2559	0.03809	2190
2560	0.01803	2191
2561	0.01729	2192
2562	0.01791	2193
2563	0.06197	2194
2564	0.02965	2195
2565	0.01692	2196
2566	0.04762	2197
2567	0.01501	2198
2568	0.01459	2199
2569	0.02683	2200
2570	0.01468	2201
2571	0.01869	2202
2572	0.02632	2202
2573	0.02576	2203
2574	0.04941	2204
2575	0.01509	2205
2576	0.05076	2206
2577	0.05658	2207
2578	0.05047	2208
2579	0.03068	2209
2580	0.05185	2209
2581	0.03196	2210
2582	0.01783	2211
2583	0.02704	2212
2584	0.04933	2213
2585	0.02608	2214
2586	0.03273	2215
2587	0.06196	2216
2588	0.01782	2217
2589	0.01815	2218
2590	0.02395	2219
2591	0.02110	2220
2592	0.01937	2221
2593	0.01470	2222
2594	0.01914	2223
2595	0.04067	2224
2596	0.01865	2225
2597	0.03067	2226
2598	0.02316	2227
2599	0.01474	2228
2600	0.02886	2229
2601	0.04198	2230
2602	0.03422	2231
2603	0.01476	2232
2604	0.07263	2233
2605	0.04430	2234
2606	0.04377	2235
2607	0.03873	2236
2608	0.02636	2237
2609	0.04453	2238
2610	0.02773	2239
2611	0.01842	2240
2612	0.06291	2241
2613	0.01891	2242
2614	0.01445	2243
2615	0.01331	2244
2616	0.02422	2245
2617	0.01466	2246
2618	0.02092	2247
2619	0.01872	2248
2620	0.03945	2249
2621	0.02352	2250
2622	0.02119	2251
2623	0.03834	2252
2624	0.02720	2253
2625	0.04129	2253
2626	0.02123	2254
2627	0.03809	2255
2628	0.02180	2256
2629	0.01444	2257
2630	0.05864	2258
2631	0.02599	2259
2632	0.01345	2260
2633	0.04649	2261
2634	0.01513	2262
2635	0.07628	2263
2636	0.03447	2264
2637	0.01669	2265
2638	0.01759	2266
2639	0.03973	2267
2640	0.02306	2268
2641	0.06241	2269
2642	0.03263	2270
2643	0.02450	2271
2644	0.05043	2272
2645	0.01390	2273
2646	0.01914	2274
2647	0.01319	2275
2648	0.03576	2275
2649	0.02190	2276
2650	0.01991	2277
2651	0.02022	2278
2652	0.01680	2279
2653	0.04706	2280
2654	0.01659	2281
2655	0.05453	2282
2656	0.04532	2283
2657	0.02146	2284
2658	0.02849	2285
2659	0.02119	2286
2660	0.02148	2287
2661	0.02353	2288
2662	0.01662	2289
2663	0.01526	2290
2664	0.04178	2291
2665	0.02982	2292
2666	0.01608	2293
2667	0.01551	2294
2668	0.01614	2295
2669	0.03585	2296
2670	0.06026	2297
2671	0.03221	2298
2672	0.06384	2299
2673	0.04702	2300
2674	0.01430	2301
2675	0.03365	2302
2676	0.03522	2303
2677	0.03007	2304
2678	0.01938	2305
2679	0.01608	2306
2680	0.04519	2307
2681	0.02988	2308
2682	0.02756	2309
2683	0.05936	2310
2684	0.02435	2311
2685	0.03154	2312
2686	0.01837	2313
2687	0.02588	2314
2688	0.03109	2315
2689	0.04476	2316
2690	0.03278	2317
2691	0.02374	2318
2692	0.01401	2319
2693	0.05080	2320
2694	0.01412	2321
2695	0.02984	2322
2696	0.01877	2323
2697	0.02257	2324
2698	0.01349	2325
2699	0.04284	2326
2700	0.01622	2327
2701	0.05372	2328
2702	0.03419	2329
2703	0.02964	2330
2704	0.03270	2331
2705	0.01340	2332
2706	0.01925	2333
2707	0.02043	2334
2708	0.01391	2335
2709	0.01372	2336
2710	0.02393	2336
2711	0.01719	2337
2712	0.03478	2338
2713	0.01611	2339
2714	0.03255	2340
2715	0.02184	2341
2716	0.01239	2342
2717	0.02977	2343
2718	0.01611	2344
2719	0.03394	2345
2720	0.01217	2346
2721	0.02302	2347
2722	0.01876	2348
2723	0.02043	2349
2724	0.01801	2350
2725	0.04005	2351
2726	0.01489	2352
2727	0.03694	2353
2728	0.03555	2354
2729	0.02018	2355
2730	0.02485	2356
2731	0.06033	2357
2732	0.01947	2358
2733	0.01858	2359
2734	0.01696	2360
2735	0.01474	2361
2736	0.02770	2362
2737	0.01655	2363
2738	0.01967	2364
2739	0.02609	2365
2740	0.04396	2366
2741	0.01082	2367
2742	0.02807	2368
2743	0.03024	2369
2744	0.01629	2370
2745	0.02090	2371
2746	0.03581	2372
2747	0.01618	2373
2748	0.02999	2374
2749	0.02172	2375
2750	0.04390	2375
2751	0.03627	2376
2752	0.01687	2376
2753	0.01152	2377
2754	0.04563	2378
2755	0.02430	2379
2756	0.03967	2380
2757	0.02975	2381
2758	0.03537	2382
2759	0.01852	2383
2760	0.01365	2384
2761	0.02595	2385
2762	0.02251	2386
2763	0.02445	2387
2764	0.01599	2388
2765	0.01394	2388
2766	0.02983	2389
2767	0.02206	2390
2768	0.02561	2391
2769	0.03333	2391
2770	0.03378	2392
2771	0.02041	2392
2772	0.01390	2393
2773	0.06177	2393
2774	0.02530	2394
2775	0.01522	2395
2776	0.02061	2396
2777	0.03128	2397
2778	0.01258	2397
2779	0.01194	2398
2780	0.01787	2399
2781	0.03007	2400
2782	0.02549	2400
2783	0.03510	2400
2784	0.03918	2401
2785	0.02725	2402
2786	0.01555	2403
2787	0.02750	2404
2788	0.08620	2405
2789	0.01779	2406
2790	0.03261	2407
2791	0.01291	2408
2792	0.04622	2409
2793	0.02981	2409
2794	0.03913	2410
2795	0.01022	2411
2796	0.01551	2412
2797	0.04706	2413
2798	0.03339	2414
2799	0.01676	2415
2800	0.01476	2416
2801	0.03589	2417
2802	0.04321	2417
2803	0.04246	2418
2804	0.02879	2419
2805	0.03221	2420
2806	0.01593	2421
2807	0.01589	2422
2808	0.02344	2423
2809	0.01630	2424
2810	0.01110	2425
2811	0.01306	2426
2812	0.02116	2427
2813	0.01096	2428
2814	0.01034	2429
2815	0.01751	2430
2816	0.02329	2431
2817	0.02828	2432
2818	0.04882	2433
2819	0.02440	2434
2820	0.01593	2435
2821	0.02902	2436
2822	0.01575	2437
2823	0.02160	2438
2824	0.01568	2439
2825	0.01742	2440
2826	0.01701	2441
2827	0.03138	2442
2828	0.02642	2443
2829	0.01797	2444
2830	0.01993	2445
2831	0.03348	2446
2832	0.02925	2447
2833	0.01316	2448
2834	0.01973	2449
2835	0.04126	2450
2836	0.02157	2451
2837	0.03044	2452
2838	0.01376	2453
2839	0.02771	2454
2840	0.01983	2455
2841	0.02334	2456
2842	0.02791	2457
2843	0.03622	2458
2844	0.02206	2459
2845	0.03189	2460
2846	0.05186	2461
2847	0.01795	2462
2848	0.03182	2463
2849	0.01520	2464
2850	0.01043	2464
2851	0.02274	2465
2852	0.03037	2466
2853	0.02456	2467
2854	0.02602	2468
2855	0.02548	2469
2856	0.01311	2470
2857	0.03789	2471
2858	0.01448	2472
2859	0.01087	2472
2860	0.02595	2473
2861	0.01120	2474
2862	0.02058	2475
2863	0.02031	2476
2864	0.01669	2477
2865	0.02184	2478
2866	0.01450	2478
2867	0.04455	2479
2868	0.02285	2480
2869	0.01999	2481
2870	0.03636	2482
2871	0.02110	2483
2872	0.02111	2484
2873	0.01688	2485
2874	0.02885	2486
2875	0.02984	2487
2876	0.01202	2488
2877	0.07062	2488
2878	0.03018	2489
2879	0.02577	2490
2880	0.01732	2491
2881	0.03087	2492
2882	0.01038	2493
2883	0.02111	2494
2884	0.02145	2495
2885	0.01012	2496
2886	0.01007	2497
2887	0.01133	2498
2888	0.01588	2499
2889	0.01285	2500
2890	0.03231	2501
2891	0.02213	2502
2892	0.06097	2503
2893	0.01772	2504
2894	0.01488	2505
2895	0.01790	2506
2896	0.01933	2507
2897	0.02268	2507
2898	0.02422	2508
2899	0.04366	2509
2900	0.02176	2510
2901	0.01074	2511
2902	0.02400	2512
2903	0.02757	2513
2904	0.02572	2514
2905	0.05355	2515
2906	0.01241	2516
2907	0.00882	2517
2908	0.01557	2518
2909	0.02624	2519
2910	0.01017	2520
2911	0.01524	2521
2912	0.01749	2522
2913	0.00998	2523
2914	0.02049	2524
2915	0.02755	2525
2916	0.03390	2526
2917	0.01933	2527
2918	0.01957	2528
2919	0.04576	2529
2920	0.02943	2530
2921	0.03217	2531
2922	0.01360	2532
2923	0.02895	2533
2924	0.02731	2534
2925	0.01643	2535
2926	0.02314	2536
2927	0.03651	2537
2928	0.01107	2538
2929	0.02092	2539
2930	0.01247	2540
2931	0.01297	2541
2932	0.03430	2542
2933	0.03041	2543
2934	0.02139	2544
2935	0.01011	2544
2936	0.01182	2545
2937	0.01087	2546
2938	0.02797	2547
2939	0.04896	2548
2940	0.01348	2549
2941	0.03529	2550
2942	0.01060	2551
2943	0.04211	2552
2944	0.01089	2553
2945	0.04419	2554
2946	0.01229	2555
2947	0.01602	2555
2948	0.01881	2556
2949	0.01869	2557
2950	0.03678	2558
2951	0.03448	2559
2952	0.01770	2560
2953	0.02168	2561
2954	0.01278	2561
2955	0.01279	2562
2956	0.00955	2563
2957	0.02147	2564
2958	0.03622	2564
2959	0.01987	2565
2960	0.02346	2566
2961	0.01199	2567
2962	0.01620	2568
2963	0.02540	2569
2964	0.01021	2570
2965	0.09300	2571
2966	0.01120	2572
2967	0.01711	2573
2968	0.00999	2574
2969	0.02477	2575
2970	0.01282	2576
2971	0.01455	2577
2972	0.01663	2578
2973	0.02509	2579
2974	0.02268	2580
2975	0.01942	2581
2976	0.02558	2582
2977	0.01894	2583
2978	0.01951	2584
2979	0.02654	2585
2980	0.01629	2586
2981	0.02468	2587
2982	0.04189	2588
2983	0.02723	2589
2984	0.02274	2590
2985	0.03374	2591
2986	0.01441	2592
2987	0.04143	2593
2988	0.01896	2594
2989	0.01611	2595
2990	0.01389	2596
2991	0.02771	2597
2992	0.02795	2598
2993	0.02495	2599
2994	0.01762	2600
2995	0.02608	2601
2996	0.04432	2602
2997	0.01333	2603
2998	0.05057	2604
2999	0.02440	2605
3000	0.01402	2606
3001	0.03419	2607
3002	0.02292	2608
3003	0.03947	2609
3004	0.00949	2610
3005	0.02484	2610
3006	0.02001	2611
3007	0.01798	2612
3008	0.03646	2613
3009	0.01707	2614
3010	0.02227	2615
3011	0.01248	2616
3012	0.02133	2617
3013	0.01328	2618
3014	0.01542	2619
3015	0.02122	2620
3016	0.01030	2621
3017	0.01350	2622
3018	0.01006	2623
3019	0.03504	2624
3020	0.03708	2624
3021	0.02448	2625
3022	0.02908	2626
3023	0.02278	2627
3024	0.01121	2628
3025	0.01182	2629
3026	0.01404	2630
3027	0.02180	2631
3028	0.01568	2632
3029	0.03755	2633
3030	0.00936	2634
3031	0.02917	2635
3032	0.01214	2635
3033	0.02267	2636
3034	0.01062	2637
3035	0.01612	2638
3036	0.01661	2639
3037	0.04964	2640
3038	0.02812	2641
3039	0.01896	2642
3040	0.02783	2643
3041	0.01414	2644
3042	0.01629	2645
3043	0.03010	2646
3044	0.01360	2647
3045	0.05380	2648
3046	0.01948	2649
3047	0.02244	2650
3048	0.05600	2651
3049	0.01680	2652
3050	0.01028	2653
3051	0.01087	2654
3052	0.02650	2655
3053	0.04383	2656
3054	0.01410	2657
3055	0.02767	2658
3056	0.00855	2659
3057	0.02342	2660
3058	0.01971	2661
3059	0.02943	2662
3060	0.00989	2663
3061	0.01228	2664
3062	0.01113	2665
3063	0.01131	2666
3064	0.01517	2667
3065	0.03202	2668
3066	0.03435	2669
3067	0.01656	2670
3068	0.02036	2671
3069	0.00892	2671
3070	0.02946	2672
3071	0.01794	2673
3072	0.02101	2674
3073	0.01853	2675
3074	0.02422	2676
3075	0.02024	2677
3076	0.01915	2678
3077	0.02340	2679
3078	0.02971	2680
3079	0.01725	2681
3080	0.02988	2682
3081	0.02314	2683
3082	0.01489	2684
3083	0.01051	2685
3084	0.02423	2686
3085	0.02722	2687
3086	0.03620	2688
3087	0.01504	2689
3088	0.02222	2689
3089	0.01332	2690
3090	0.01972	2691
3091	0.02158	2692
3092	0.03712	2693
3093	0.01073	2694
3094	0.04259	2695
3095	0.00888	2696
3096	0.01338	2697
3097	0.01219	2698
3098	0.01952	2699
3099	0.00855	2700
3100	0.02045	2701
